"","Peak.Brightness.Date.Time..UT.","Latitude..deg..","Longitude..deg..","Altitude..km.","Velocity..km.s.","Calculated.Total.Impact.Energy..kt.","Altitud.sin","Velocidad.sin","Altitud.Clase"
"1","2017-12-31 09:36:10","63.5S","101.3W",64.5,NA,0.15,64.5,14.7,"Mesosfera"
"2","2017-12-29 12:47:31","14.6N","49.5W",38,NA,0.33,38,15.9,"Estratosfera"
"3","2017-12-15 13:14:37","60.2N","170.0E",20,NA,6.4,20,14.7,"Estratosfera"
"4","2017-11-19 04:17:32","24.2S","135.0E",33.3,11.4,0.098,33.3,11.4,"Estratosfera"
"5","2017-10-26 22:05:35","21.3S","177.6E",42.5,NA,1.4,42.5,14.6,"Estratosfera"
"6","2017-10-23 15:31:23","28.8N","44.6E",35.4,16.7,0.086,35.4,16.7,"Estratosfera"
"7","2017-10-15 04:33:16","65.2S","128.2E",24.1,15.9,0.11,24.1,15.9,"Estratosfera"
"8","2017-10-09 12:51:48","18.3S","64.1W",NA,NA,0.1,38,16.7,"Estratosfera"
"9","2017-10-04 12:07:05","28.1N","99.4E",37,14.6,0.54,37,14.6,"Estratosfera"
"10","2017-09-05 05:11:27","49.3N","116.9W",36,14.7,0.13,36,14.7,"Estratosfera"
"11","2017-07-31 22:01:35","24.7N","118.5W",NA,NA,0.19,64.5,11.4,"Mesosfera"
"12","2017-07-23 06:12:38","6.6S","69.7W",38,17.2,0.12,38,17.2,"Estratosfera"
"13","2017-07-13 09:30:36","23.1N","60.7E",35,13.7,0.23,35,13.7,"Estratosfera"
"14","2017-06-30 14:26:45","34.3S","134.5E",20,15.2,0.29,20,15.2,"Estratosfera"
"15","2017-06-23 20:21:55","57.0N","143.7E",35.1,24.3,0.52,35.1,24.3,"Estratosfera"
"16","2017-06-20 13:41:32","54.2S","133.0E",33.3,13.6,1.6,33.3,13.6,"Estratosfera"
"17","2017-05-24 07:03:03","9.1S","101.8E",46,18.4,0.28,46,18.4,"Estratosfera"
"18","2017-05-22 17:44:39","49.6S","157.6W",33,NA,0.12,33,16.7,"Estratosfera"
"19","2017-05-14 09:30:35","26.0S","32.4E",33,NA,0.12,33,11.4,"Estratosfera"
"20","2017-04-30 21:28:28","25.7S","56.2E",32.4,21.5,0.43,32.4,21.5,"Estratosfera"
"21","2017-03-11 04:51:21","28.3N","60.2W",28,NA,2.9,28,11.4,"Estratosfera"
"22","2017-03-09 04:16:37","40.5N","18.0W",23,36.5,1,23,36.5,"Estratosfera"
"23","2017-03-08 22:21:59","26.1S","174.9E",37,NA,0.23,37,14.6,"Estratosfera"
"24","2017-02-25 01:22:59","29.5N","13.5E",25.4,12.2,0.21,25.4,12.2,"Estratosfera"
"25","2017-02-21 18:47:30","50.7S","66.0W",NA,NA,0.13,38,14.6,"Estratosfera"
"26","2017-02-18 19:48:29","6.2N","60.4E",38,24.2,0.79,38,24.2,"Estratosfera"
"27","2017-02-07 17:37:31","27.4S","14.8W",54,NA,0.073,54,14.6,"Mesosfera"
"28","2017-02-06 06:09:59","10.4N","131.6E",33.5,NA,0.21,33.5,11.4,"Estratosfera"
"29","2016-12-23 03:29:09","21.3N","49.3E",42,29.7,0.13,42,29.7,"Estratosfera"
"30","2016-12-07 04:51:39","34.5S","126.6W",NA,NA,0.35,20,11.4,"Estratosfera"
"31","2016-11-29 08:05:38","30.6S","93.1W",NA,NA,0.11,42.5,15.9,"Estratosfera"
"32","2016-11-24 14:10:34","15.2S","80.3E",30.6,17.4,0.4,30.6,17.4,"Estratosfera"
"33","2016-11-03 17:14:29","39.6S","16.3W",37,NA,0.24,37,15.9,"Estratosfera"
"34","2016-10-01 20:23:45","36.2N","6.7E",27.8,14.2,0.11,27.8,14.2,"Estratosfera"
"35","2016-09-22 04:57:49","51.8S","178.5E",40,17.5,0.22,40,17.5,"Estratosfera"
"36","2016-09-14 15:01:51","3.5S","44.6E",54,18.3,0.24,54,18.3,"Mesosfera"
"37","2016-08-27 21:45:13","56.9S","162.2E",42,NA,0.41,42,15.9,"Estratosfera"
"38","2016-08-11 05:59:58","43.7S","53.8E",34.3,14.9,0.52,34.3,14.9,"Estratosfera"
"39","2016-08-05 18:02:44","46.4N","171.6E",32.4,NA,0.36,32.4,16.7,"Estratosfera"
"40","2016-07-21 00:48:53","7.8N","1.6W",37,NA,0.15,37,14.6,"Estratosfera"
"41","2016-07-05 01:24:26","1.0N","48.6E",38.2,25.1,0.44,38.2,25.1,"Estratosfera"
"42","2016-06-27 10:02:42","15.8N","11.9W",33.3,29.1,1.2,33.3,29.1,"Estratosfera"
"43","2016-06-05 06:12:55","17.4S","138.3E",28.7,14.5,0.87,28.7,14.5,"Estratosfera"
"44","2016-06-02 10:56:32","33.8N","110.9W",NA,NA,0.49,42.5,15.9,"Estratosfera"
"45","2016-05-29 12:14:55","10.2N","48.8W",32,NA,0.22,32,14.6,"Estratosfera"
"46","2016-05-20 11:59:46","32.8S","15.1E",30.6,20.8,0.073,30.6,20.8,"Estratosfera"
"47","2016-05-16 10:09:41","3.2N","6.6E",41.7,12.2,1.3,41.7,12.2,"Estratosfera"
"48","2016-05-13 00:34:01","26.2N","122.3W",33,NA,0.31,33,14.6,"Estratosfera"
"49","2016-04-24 05:39:24","9.8N","42.8W",50,NA,0.42,50,14.7,"Estratosfera"
"50","2016-04-18 11:59:10","20.7N","14.5W",31.5,17.1,0.62,31.5,17.1,"Estratosfera"
"51","2016-04-12 09:51:40","38.3N","162.2E",NA,NA,0.073,38,14.7,"Estratosfera"
"52","2016-04-10 14:57:53","22.0N","149.0E",35.2,15.1,1.6,35.2,15.1,"Estratosfera"
"53","2016-03-16 23:54:20","49.2S","6.3W",42,13.3,0.11,42,13.3,"Estratosfera"
"54","2016-03-03 01:32:43","48.0S","51.0E",31.8,11.7,0.19,31.8,11.7,"Estratosfera"
"55","2016-02-23 03:59:13","32.3N","67.2E",44,17.9,0.12,44,17.9,"Estratosfera"
"56","2016-02-21 05:58:53","36.5N","37.2W",32,NA,0.96,32,14.7,"Estratosfera"
"57","2016-02-19 08:15:02","0.7N","11.6W",39.4,15.5,0.56,39.4,15.5,"Estratosfera"
"58","2016-02-06 13:55:09","30.4S","25.5W",31,15.6,13,31,15.6,"Estratosfera"
"59","2016-01-27 09:59:16","45.8S","53.6E",37,11.5,0.16,37,11.5,"Estratosfera"
"60","2016-01-21 16:44:54","10.8S","0.7E",42.5,18.1,0.15,42.5,18.1,"Estratosfera"
"61","2015-12-30 13:07:50","33.8N","160.7W",39,NA,0.079,39,14.7,"Estratosfera"
"62","2015-12-21 02:32:48","5.9N","143.0E",42.2,12.1,0.26,42.2,12.1,"Estratosfera"
"63","2015-12-08 00:34:23","69.9S","150.5E",38,NA,0.55,38,11.4,"Estratosfera"
"64","2015-11-13 14:59:27","16.0N","124.3E",28,NA,0.31,28,14.7,"Estratosfera"
"65","2015-11-02 21:34:20","41.4S","33.0E",37,NA,0.24,37,16.7,"Estratosfera"
"66","2015-10-31 11:34:30","9.0N","138.0W",71,NA,0.29,71,15.9,"Mesosfera"
"67","2015-10-13 12:23:08","8.0S","52.5W",38.9,12.9,0.082,38.9,12.9,"Estratosfera"
"68","2015-10-11 00:07:46","55.4S","18.8W",NA,NA,0.1,64.5,11.4,"Mesosfera"
"69","2015-10-10 09:57:51","51.0S","21.1W",51.8,11.8,0.12,51.8,11.8,"Mesosfera"
"70","2015-10-04 21:02:17","22.0N","171.6W",36.1,NA,0.15,36.1,15.9,"Estratosfera"
"71","2015-09-17 21:03:14","43.1S","94.9E",NA,NA,0.3,38,14.6,"Estratosfera"
"72","2015-09-14 23:50:50","5.8N","15.2W",NA,NA,0.22,33.3,11.4,"Estratosfera"
"73","2015-09-08 13:46:42","6.3N","29.9E",44.4,16.1,0.073,44.4,16.1,"Estratosfera"
"74","2015-09-07 01:41:19","14.5N","98.9E",29.3,21,3.9,29.3,21,"Estratosfera"
"75","2015-09-02 20:10:30","39.1N","40.2E",39.8,24.1,0.13,39.8,24.1,"Estratosfera"
"76","2015-07-19 07:06:26","20.6N","87.6W",22,17.8,0.082,22,17.8,"Estratosfera"
"77","2015-07-12 22:23:14","31.0N","159.6E",41,NA,0.079,41,16.7,"Estratosfera"
"78","2015-07-04 01:40:11","38.6N","103.1E",46.3,49,0.18,46.3,49,"Estratosfera"
"79","2015-06-14 03:03:06","6.3N","124.1E",32.4,31.9,0.22,32.4,31.9,"Estratosfera"
"80","2015-06-12 17:03:35","1.3S","32.1W",43.5,NA,0.5,43.5,11.4,"Estratosfera"
"81","2015-06-10 17:43:03","11.5S","161.9W",61.1,NA,1,61.1,16.7,"Mesosfera"
"82","2015-06-02 08:44:50","6.4S","142.7W",NA,NA,0.99,33.3,14.6,"Estratosfera"
"83","2015-05-20 10:20:41","1.0N","172.6E",32.4,NA,0.12,32.4,16.7,"Estratosfera"
"84","2015-05-18 17:13:51","32.4N","139.1E",29,NA,0.14,29,14.6,"Estratosfera"
"85","2015-05-10 07:45:01","46.3S","179.3W",29.6,12.2,0.42,29.6,12.2,"Estratosfera"
"86","2015-05-07 20:34:34","21.5S","29.3W",37,17.3,0.17,37,17.3,"Estratosfera"
"87","2015-04-30 10:21:01","48.7S","139.1E",26.7,12.9,0.32,26.7,12.9,"Estratosfera"
"88","2015-04-21 01:42:51","37.7N","39.6W",37.4,21.3,0.27,37.4,21.3,"Estratosfera"
"89","2015-04-10 01:14:27","42.8S","8.2E",NA,NA,0.21,33.3,16.7,"Estratosfera"
"90","2015-04-08 04:06:31","25.5S","51.5E",36.3,19.2,0.49,36.3,19.2,"Estratosfera"
"91","2015-04-03 01:39:38","8.4N","157.9W",NA,NA,0.14,42.5,11.4,"Estratosfera"
"92","2015-03-30 21:33:52","36.1S","5.5W",33.1,13.8,0.2,33.1,13.8,"Estratosfera"
"93","2015-03-18 00:04:50","5.4S","159.3E",50,NA,0.36,50,14.7,"Estratosfera"
"94","2015-03-11 06:18:59","8.0N","119.1E",35.2,19.9,0.23,35.2,19.9,"Estratosfera"
"95","2015-03-08 04:26:28","39.1S","118.6W",NA,NA,0.073,64.5,11.4,"Mesosfera"
"96","2015-03-04 04:30:05","15.9S","88.1E",39.8,18,0.18,39.8,18,"Estratosfera"
"97","2015-02-26 22:06:24","68.0N","149.0W",33.7,21.1,0.53,33.7,21.1,"Estratosfera"
"98","2015-02-25 10:53:24","12.4N","122.4W",42,NA,0.19,42,11.4,"Estratosfera"
"99","2015-02-17 13:19:50","8.0S","11.2W",39,28.8,0.11,39,28.8,"Estratosfera"
"100","2015-01-09 17:31:47","23.3S","49.2W",NA,NA,0.079,64.5,14.6,"Mesosfera"
"101","2015-01-09 10:41:11","2.0N","28.8E",36,17.5,0.41,36,17.5,"Estratosfera"
"102","2015-01-07 01:05:59","45.7N","26.9E",45.5,35.7,0.4,45.5,35.7,"Estratosfera"
"103","2015-01-02 13:39:19","31.1S","140.0E",38.1,18.1,0.073,38.1,18.1,"Estratosfera"
"104","2014-12-13 02:53:52","86.7N","162.1W",30.7,21.7,0.15,30.7,21.7,"Estratosfera"
"105","2014-12-12 06:48:11","33.5N","144.9E",26.3,12,0.11,26.3,12,"Estratosfera"
"106","2014-12-09 21:19:18","76.6N","96.3E",26.3,NA,0.24,26.3,14.7,"Estratosfera"
"107","2014-11-28 11:47:18","45.8S","172.7W",26.1,13.4,1.7,26.1,13.4,"Estratosfera"
"108","2014-11-27 12:12:52","18.8S","73.4W",38,NA,0.18,38,14.7,"Estratosfera"
"109","2014-11-26 23:16:51","69.5S","179.7W",23.3,25.3,0.35,23.3,25.3,"Estratosfera"
"110","2014-11-26 17:40:16","68.2S","24.0W",37,19.9,0.32,37,19.9,"Estratosfera"
"111","2014-11-04 20:13:30","43.1N","115.8E",22.2,16,0.45,22.2,16,"Estratosfera"
"112","2014-10-21 18:55:37","22.2N","132.9W",NA,NA,0.12,20,14.6,"Estratosfera"
"113","2014-10-17 14:07:36","4.6S","66.3W",39,NA,0.23,39,11.4,"Estratosfera"
"114","2014-10-14 10:25:03","2.0S","119.2E",27.2,16.9,0.1,27.2,16.9,"Estratosfera"
"115","2014-10-06 20:02:15","43.7S","85.7E",NA,NA,0.13,64.5,11.4,"Mesosfera"
"116","2014-09-09 18:55:46","3.2N","137.2E",32.5,NA,0.098,32.5,14.6,"Estratosfera"
"117","2014-09-05 21:37:26","22.7N","150.0W",NA,NA,0.12,64.5,16.7,"Mesosfera"
"118","2014-08-29 23:15:39","6.2S","49.9W",NA,NA,0.092,38,14.6,"Estratosfera"
"119","2014-08-28 03:07:45","3.2N","45.4W",NA,NA,0.12,33.3,15.9,"Estratosfera"
"120","2014-08-23 06:29:41","61.7S","132.6E",22.2,16.2,7.6,22.2,16.2,"Estratosfera"
"121","2014-07-29 07:38:07","49.2S","172.2W",NA,NA,0.23,42.5,16.7,"Estratosfera"
"122","2014-07-29 03:07:43","33.9S","115.9W",NA,NA,0.17,42.5,14.6,"Estratosfera"
"123","2014-06-28 02:40:07","18.9N","141.2E",26.3,12.4,0.67,26.3,12.4,"Estratosfera"
"124","2014-06-26 05:54:41","71.5S","93.4E",28.5,11.2,0.2,28.5,11.2,"Estratosfera"
"125","2014-05-29 01:12:36","21.9N","131.1W",28.7,NA,0.19,28.7,15.9,"Estratosfera"
"126","2014-05-16 20:06:28","39.4S","95.9W",30.8,18,0.4,30.8,18,"Estratosfera"
"127","2014-05-16 12:42:48","44.2S","176.2W",44,16.5,0.82,44,16.5,"Estratosfera"
"128","2014-05-08 19:42:37","36.9S","87.3E",35.4,19,2.4,35.4,19,"Estratosfera"
"129","2014-03-29 13:45:41","28.7S","121.5E",30.7,16.3,0.13,30.7,16.3,"Estratosfera"
"130","2014-03-18 11:02:37","0.0N","111.8W",30.5,NA,1.3,30.5,14.6,"Estratosfera"
"131","2014-03-03 15:00:21","29.0S","94.9W",NA,NA,0.29,64.5,11.4,"Mesosfera"
"132","2014-02-18 12:50:44","32.8S","61.5W",NA,NA,0.092,20,14.7,"Estratosfera"
"133","2014-02-13 06:47:42","13.3N","110.7W",25,NA,1.5,25,16.7,"Estratosfera"
"134","2014-01-15 02:46:19","18.5S","141.8E",29.6,NA,0.41,29.6,11.4,"Estratosfera"
"135","2014-01-12 16:00:48","2.9N","64.4E",37,16.2,0.24,37,16.2,"Estratosfera"
"136","2014-01-08 17:05:34","1.3S","147.6E",18.7,44.8,0.11,18.7,44.8,"Estratosfera"
"137","2013-12-23 08:30:57","39.5N","2.0E",34.3,15.1,0.43,34.3,15.1,"Estratosfera"
"138","2013-12-08 03:10:09","32.8N","165.1W",23.5,11.8,0.2,23.5,11.8,"Estratosfera"
"139","2013-11-21 01:50:35","44.7N","35.3E",59.3,12.4,0.23,59.3,12.4,"Mesosfera"
"140","2013-10-12 16:06:45","19.1S","25.0W",22.2,12.8,3.5,22.2,12.8,"Estratosfera"
"141","2013-10-09 17:27:36","","",NA,NA,0.19,38,11.4,"Estratosfera"
"142","2013-09-24 15:31:16","10.3S","164.7W",40.7,NA,0.46,40.7,14.7,"Estratosfera"
"143","2013-08-12 18:08:02","34.4S","118.2E",66.6,NA,0.15,66.6,11.4,"Mesosfera"
"144","2013-07-31 07:00:38","","",NA,NA,0.13,64.5,15.9,"Mesosfera"
"145","2013-07-31 03:50:14","31.8S","137.1E",29.1,17.8,0.22,29.1,17.8,"Estratosfera"
"146","2013-07-30 02:36:58","50.2S","90.2E",25.6,18.8,1,25.6,18.8,"Estratosfera"
"147","2013-07-27 08:30:36","0.3N","156.2E",26.5,22.1,0.36,26.5,22.1,"Estratosfera"
"148","2013-07-26 11:32:26","21.0N","178.5W",37,NA,0.073,37,11.4,"Estratosfera"
"149","2013-07-18 00:46:37","","",NA,NA,0.079,42.5,16.7,"Estratosfera"
"150","2013-06-13 02:51:14","","",NA,NA,0.079,33.3,14.6,"Estratosfera"
"151","2013-06-01 22:49:48","65.6S","138.4E",28.9,NA,0.12,28.9,16.7,"Estratosfera"
"152","2013-05-14 23:20:21","3.0S","76.4E",NA,NA,0.073,42.5,14.7,"Estratosfera"
"153","2013-04-30 08:40:38","35.5N","30.7W",21.2,12.1,10,21.2,12.1,"Estratosfera"
"154","2013-04-21 06:23:12","28.1S","64.6W",40.7,14.9,2.5,40.7,14.9,"Estratosfera"
"155","2013-03-12 10:32:59","32.7S","17.1E",26,NA,0.1,26,14.6,"Estratosfera"
"156","2013-02-20 13:13:07","23.0S","38.8W",NA,13.6,0.1,20,13.6,"Estratosfera"
"157","2013-02-15 03:20:33","54.8N","61.1E",23.3,18.6,440,23.3,18.6,"Estratosfera"
"158","2013-02-07 13:12:24","18.8S","158.6W",NA,NA,0.21,20,16.7,"Estratosfera"
"159","2013-01-25 07:40:18","60.3N","64.6W",NA,NA,6.9,20,14.6,"Estratosfera"
"160","2013-01-12 03:04:21","15.1S","155.6W",36.1,NA,0.16,36.1,11.4,"Estratosfera"
"161","2012-12-30 07:25:35","17.3N","83.6W",NA,NA,0.55,33.3,15.9,"Estratosfera"
"162","2012-12-18 11:19:17","","",NA,NA,0.095,42.5,15.9,"Estratosfera"
"163","2012-11-20 20:37:31","2.5N","29.6E",33.3,14.3,0.089,33.3,14.3,"Estratosfera"
"164","2012-11-20 06:25:11","8.0S","86.0W",NA,NA,0.36,42.5,11.4,"Estratosfera"
"165","2012-10-25 15:57:19","","",NA,NA,0.1,42.5,16.7,"Estratosfera"
"166","2012-10-19 16:26:22","75.4S","49.6E",29.3,13.2,0.082,29.3,13.2,"Estratosfera"
"167","2012-10-09 00:54:55","51.2N","84.6W",27.8,13.5,0.58,27.8,13.5,"Estratosfera"
"168","2012-10-03 22:50:12","41.5S","21.9W",NA,17,0.75,42.5,17,"Estratosfera"
"169","2012-10-02 16:38:38","8.1S","111.9W",35,15.4,1.2,35,15.4,"Estratosfera"
"170","2012-09-28 05:44:12","6.9S","73.7E",NA,NA,0.13,38,14.6,"Estratosfera"
"171","2012-09-18 19:34:39","1.2N","52.2W",28.1,18.3,0.67,28.1,18.3,"Estratosfera"
"172","2012-09-11 22:07:30","18.9S","105.2E",NA,NA,0.17,33.3,14.6,"Estratosfera"
"173","2012-09-10 01:03:32","69.8S","111.7W",23.8,16.9,0.082,23.8,16.9,"Estratosfera"
"174","2012-08-27 06:57:43","18.3S","64.2E",38.7,28.9,0.22,38.7,28.9,"Estratosfera"
"175","2012-08-26 14:55:47","11.8N","117.0E",36,12.7,0.68,36,12.7,"Estratosfera"
"176","2012-08-13 05:31:53","","",NA,NA,0.11,20,15.9,"Estratosfera"
"177","2012-07-27 04:19:50","63.1N","172.3E",27.2,NA,0.12,27.2,14.6,"Estratosfera"
"178","2012-07-25 07:48:20","36.4N","41.5E",26.8,18.5,0.39,26.8,18.5,"Estratosfera"
"179","2012-06-05 07:44:54","","",NA,NA,0.086,38,15.9,"Estratosfera"
"180","2012-05-25 11:31:24","41.8S","36.2W",NA,NA,0.19,42.5,16.7,"Estratosfera"
"181","2012-05-22 08:31:42","","",NA,NA,0.59,64.5,11.4,"Mesosfera"
"182","2012-05-15 11:04:17","61.8S","135.5W",33.3,17.1,0.39,33.3,17.1,"Estratosfera"
"183","2012-05-04 21:54:49","76.7N","10.6W",NA,NA,0.63,64.5,11.4,"Mesosfera"
"184","2012-04-23 22:01:10","36.2N","107.4E",25.2,NA,0.15,25.2,14.7,"Estratosfera"
"185","2012-04-21 16:08:23","15.8S","174.8W",NA,NA,0.42,64.5,14.6,"Mesosfera"
"186","2012-04-19 22:12:10","5.5N","16.8E",NA,NA,0.1,42.5,11.4,"Estratosfera"
"187","2012-04-02 16:50:33","28.1N","95.2W",NA,NA,0.11,38,15.9,"Estratosfera"
"188","2012-03-12 06:40:44","2.5N","139.8E",25,11.8,0.3,25,11.8,"Estratosfera"
"189","2012-03-03 21:28:24","7.8N","2.7E",20.4,NA,0.31,20.4,11.4,"Estratosfera"
"190","2012-03-01 03:12:40","46.9N","29.8W",NA,NA,0.079,38,16.7,"Estratosfera"
"191","2012-02-24 19:11:41","22.7S","30.8E",NA,NA,0.13,42.5,14.7,"Estratosfera"
"192","2012-02-17 10:47:16","3.2S","39.9W",45.6,NA,0.44,45.6,11.4,"Estratosfera"
"193","2012-02-12 05:25:52","31.7S","54.9E",61,NA,0.41,61,11.4,"Mesosfera"
"194","2012-02-04 14:42:51","32.4N","0.1E",34.2,12.2,0.43,34.2,12.2,"Estratosfera"
"195","2012-01-15 12:26:20","64.1S","109.9E",26.3,12.3,0.076,26.3,12.3,"Estratosfera"
"196","2012-01-11 02:23:15","32.2N","88.5E",NA,NA,0.26,20,15.9,"Estratosfera"
"197","2011-12-19 11:35:39","30.2S","52.6E",36.1,NA,0.4,36.1,15.9,"Estratosfera"
"198","2011-12-14 05:01:38","62.9S","89.6E",32.4,NA,0.16,32.4,11.4,"Estratosfera"
"199","2011-12-11 17:29:33","","",NA,NA,0.1,20,15.9,"Estratosfera"
"200","2011-11-20 05:25:05","27.9S","116.3E",NA,NA,0.082,64.5,15.9,"Mesosfera"
"201","2011-10-12 07:13:20","26.4S","78.4W",NA,NA,0.12,33.3,15.9,"Estratosfera"
"202","2011-09-13 23:36:47","19.9S","13.8W",21.3,16.7,0.21,21.3,16.7,"Estratosfera"
"203","2011-08-31 09:44:13","18.6N","5.1W",NA,NA,0.095,33.3,14.7,"Estratosfera"
"204","2011-08-20 20:01:37","27.2S","2.8W",NA,NA,0.082,20,16.7,"Estratosfera"
"205","2011-08-18 14:55:45","","",NA,NA,0.082,64.5,14.7,"Mesosfera"
"206","2011-08-11 02:56:08","","",NA,NA,0.12,64.5,14.6,"Mesosfera"
"207","2011-08-04 07:25:57","40.7S","86.7W",63,NA,0.098,63,14.7,"Mesosfera"
"208","2011-07-27 23:00:36","45.3S","63.5E",29.6,NA,0.15,29.6,11.4,"Estratosfera"
"209","2011-07-07 23:25:54","","",NA,NA,0.11,42.5,16.7,"Estratosfera"
"210","2011-07-05 15:42:41","29.1N","139.7E",40.7,NA,0.21,40.7,15.9,"Estratosfera"
"211","2011-07-04 09:18:04","51.7S","175.0E",NA,NA,0.1,42.5,16.7,"Estratosfera"
"212","2011-06-16 11:51:50","67.3N","21.4W",40.5,NA,0.086,40.5,11.4,"Estratosfera"
"213","2011-05-25 05:40:02","4.1N","14.0E",59,11.6,4.8,59,11.6,"Mesosfera"
"214","2011-05-16 13:39:06","1.2S","92.8E",NA,NA,0.073,33.3,16.7,"Estratosfera"
"215","2011-04-27 20:38:09","1.4N","126.6W",28.7,NA,0.61,28.7,16.7,"Estratosfera"
"216","2011-04-27 11:21:44","","",NA,NA,0.086,20,11.4,"Estratosfera"
"217","2011-04-17 11:21:44","","",NA,NA,0.086,38,15.9,"Estratosfera"
"218","2011-04-06 08:30:55","71.1N","43.5W",22.2,12.7,0.43,22.2,12.7,"Estratosfera"
"219","2011-03-24 20:23:58","0.6N","127.5W",59,NA,0.19,59,14.6,"Mesosfera"
"220","2011-03-23 04:24:46","","",NA,NA,0.11,38,15.9,"Estratosfera"
"221","2011-03-23 04:16:32","16.8S","85.6W",NA,NA,0.079,42.5,14.6,"Estratosfera"
"222","2011-03-01 10:37:54","53.5N","103.9E",30.6,11.9,0.13,30.6,11.9,"Estratosfera"
"223","2011-02-21 05:07:03","26.3N","43.7E",44.4,18,0.13,44.4,18,"Estratosfera"
"224","2011-02-12 11:00:12","7.8N","95.3W",NA,NA,0.073,20,15.9,"Estratosfera"
"225","2011-01-21 15:11:43","18.9N","44.6W",61,NA,0.23,61,15.9,"Mesosfera"
"226","2011-01-08 19:38:44","33.3N","125.8W",48,NA,0.1,48,14.7,"Estratosfera"
"227","2010-12-25 23:24:00","38.0N","158.0E",26,18.1,33,26,18.1,"Estratosfera"
"228","2010-12-14 00:27:53","4.9S","175.5E",24,NA,0.13,24,16.7,"Estratosfera"
"229","2010-12-09 02:54:07","54.5S","169.7W",66,NA,0.2,66,14.6,"Mesosfera"
"230","2010-12-01 06:31:46","72.5S","144.9E",33.3,NA,0.39,33.3,11.4,"Estratosfera"
"231","2010-11-21 14:45:27","1.9N","143.3E",50,NA,0.25,50,14.6,"Estratosfera"
"232","2010-11-19 07:25:56","10.3S","148.8E",30,NA,0.11,30,14.6,"Estratosfera"
"233","2010-11-10 08:26:35","74.5N","77.7W",NA,NA,0.22,20,14.7,"Estratosfera"
"234","2010-11-09 13:05:46","56.3S","16.7W",37,NA,0.27,37,11.4,"Estratosfera"
"235","2010-11-09 06:56:52","14.0S","160.0W",26,NA,0.073,26,11.4,"Estratosfera"
"236","2010-10-27 11:27:39","14.1S","67.7E",35.2,NA,0.42,35.2,11.4,"Estratosfera"
"237","2010-10-08 09:58:01","","",NA,NA,0.073,38,16.7,"Estratosfera"
"238","2010-09-24 12:02:07","67.4S","50.6W",NA,NA,0.16,33.3,14.6,"Estratosfera"
"239","2010-09-18 05:04:41","7.4N","36.7E",NA,NA,0.21,33.3,14.7,"Estratosfera"
"240","2010-09-08 19:51:36","13.9S","65.5W",46.3,NA,0.21,46.3,16.7,"Estratosfera"
"241","2010-09-05 23:37:33","25.9S","49.0E",35.2,NA,1.7,35.2,14.7,"Estratosfera"
"242","2010-09-03 12:04:58","61.0S","146.7E",33.3,12.3,3.8,33.3,12.3,"Estratosfera"
"243","2010-08-17 04:19:37","20.7N","114.3W",33.3,NA,0.076,33.3,15.9,"Estratosfera"
"244","2010-07-15 01:49:56","60.9N","178.1W",NA,NA,0.086,42.5,14.6,"Estratosfera"
"245","2010-07-06 23:54:43","34.1S","174.5W",26,15.7,14,26,15.7,"Estratosfera"
"246","2010-06-26 06:04:38","0.5S","133.2E",50,NA,0.34,50,15.9,"Estratosfera"
"247","2010-06-21 06:42:00","22.5S","120.9W",NA,NA,0.47,38,11.4,"Estratosfera"
"248","2010-06-17 04:24:45","26.1S","100.0E",42,NA,0.35,42,14.6,"Estratosfera"
"249","2010-04-17 02:21:58","13.1N","173.0W",NA,NA,0.18,20,14.7,"Estratosfera"
"250","2010-04-16 04:38:52","1.8N","176.9W",22.2,18.8,2,22.2,18.8,"Estratosfera"
"251","2010-04-06 18:33:12","52.8N","146.5W",NA,NA,0.25,20,16.7,"Estratosfera"
"252","2010-03-18 16:11:16","32.4S","51.8W",NA,NA,0.5,20,14.7,"Estratosfera"
"253","2010-03-15 15:55:43","","",NA,NA,0.25,20,15.9,"Estratosfera"
"254","2010-03-14 18:44:42","33.8N","90.2W",35.6,NA,0.14,35.6,14.6,"Estratosfera"
"255","2010-03-08 22:44:41","18.2N","110.1E",53,NA,0.1,53,16.7,"Mesosfera"
"256","2010-03-08 22:02:07","32.0N","92.9W",52,24.5,0.85,52,24.5,"Mesosfera"
"257","2010-02-28 22:24:50","48.7N","21.0E",37,15.1,0.44,37,15.1,"Estratosfera"
"258","2010-02-26 22:46:13","37.3S","166.0W",NA,NA,0.65,20,14.6,"Estratosfera"
"259","2010-02-24 19:55:58","2.6S","102.2W",NA,NA,0.28,38,15.9,"Estratosfera"
"260","2010-01-15 19:17:54","8.3S","27.0E",25,14,1.2,25,14,"Estratosfera"
"261","2009-12-31 16:24:23","","",NA,NA,0.26,20,11.4,"Estratosfera"
"262","2009-12-31 12:50:25","37.9N","178.3W",20.7,NA,0.31,20.7,16.7,"Estratosfera"
"263","2009-11-25 01:36:20","52.8S","136.5E",NA,NA,0.2,33.3,14.7,"Estratosfera"
"264","2009-11-21 20:53:00","22.0S","29.2E",38,32.1,18,38,32.1,"Estratosfera"
"265","2009-11-18 17:36:07","","",NA,NA,0.26,64.5,11.4,"Mesosfera"
"266","2009-11-18 07:07:19","40.4N","113.2W",31.5,NA,1.8,31.5,11.4,"Estratosfera"
"267","2009-11-14 19:58:55","","",NA,NA,0.082,20,15.9,"Estratosfera"
"268","2009-11-07 11:31:59","45.5N","157.7W",NA,NA,0.079,64.5,11.4,"Mesosfera"
"269","2009-11-07 10:41:38","24.0N","64.1E",37,NA,0.14,37,15.9,"Estratosfera"
"270","2009-10-11 12:49:51","78.3S","70.2E",27.8,NA,0.22,27.8,16.7,"Estratosfera"
"271","2009-10-08 02:57:00","4.2S","120.6E",19.1,19.2,33,19.1,19.2,"Estratosfera"
"272","2009-09-27 22:22:48","36.0S","67.6W",37,NA,0.27,37,15.9,"Estratosfera"
"273","2009-09-18 20:13:56","7.7N","29.5W",NA,NA,0.42,64.5,15.9,"Mesosfera"
"274","2009-09-04 02:23:18","42.5N","110.0E",28.3,24,2.3,28.3,24,"Estratosfera"
"275","2009-08-23 21:17:19","67.7S","18.3E",34,12.2,0.75,34,12.2,"Estratosfera"
"276","2009-07-31 02:13:19","8.9N","121.9W",NA,NA,0.089,38,14.6,"Estratosfera"
"277","2009-07-16 06:39:05","24.4S","59.8W",32.2,NA,1.8,32.2,16.7,"Estratosfera"
"278","2009-07-03 04:02:00","","",NA,NA,0.095,64.5,15.9,"Mesosfera"
"279","2009-06-27 13:08:05","26.6S","12.6W",26.1,15.2,0.11,26.1,15.2,"Estratosfera"
"280","2009-06-20 11:04:41","","",NA,NA,0.095,64.5,11.4,"Mesosfera"
"281","2009-06-18 04:39:00","23.7S","16.0W",57.4,NA,0.11,57.4,16.7,"Mesosfera"
"282","2009-06-09 22:42:28","54.9N","152.7W",34.2,NA,0.76,34.2,16.7,"Estratosfera"
"283","2009-05-31 06:05:47","19.7N","121.0W",NA,NA,0.42,20,11.4,"Estratosfera"
"284","2009-05-13 20:20:16","","",NA,NA,0.23,33.3,14.7,"Estratosfera"
"285","2009-05-04 11:39:03","36.4N","160.4W",40.7,NA,0.41,40.7,14.6,"Estratosfera"
"286","2009-04-20 04:01:39","6.0N","84.3E",NA,NA,0.079,38,14.7,"Estratosfera"
"287","2009-04-10 18:42:45","44.7S","25.7E",32.4,19.1,0.73,32.4,19.1,"Estratosfera"
"288","2009-03-04 00:38:05","","",NA,NA,0.48,64.5,11.4,"Mesosfera"
"289","2009-02-20 12:15:57","64.9S","70.0W",NA,NA,0.16,20,14.6,"Estratosfera"
"290","2009-02-07 19:51:32","56.6N","69.8E",40,15.4,3.5,40,15.4,"Estratosfera"
"291","2009-01-12 22:24:56","47.8N","44.3W",NA,NA,0.16,38,15.9,"Estratosfera"
"292","2009-01-10 07:42:39","64.0S","122.8E",26.5,NA,0.082,26.5,16.7,"Estratosfera"
"293","2008-12-24 15:51:58","68.9S","102.0W",21.1,24.1,0.12,21.1,24.1,"Estratosfera"
"294","2008-12-12 11:36:36","7.0S","9.7W",50,NA,0.6,50,14.6,"Estratosfera"
"295","2008-12-09 06:08:16","","",NA,NA,0.12,42.5,14.7,"Estratosfera"
"296","2008-11-24 22:01:19","57.9S","146.1E",34.8,23.7,0.42,34.8,23.7,"Estratosfera"
"297","2008-11-21 00:26:44","53.1N","109.9W",28.2,12.9,0.41,28.2,12.9,"Estratosfera"
"298","2008-11-18 09:41:51","29.4S","75.9E",35.2,22.4,0.089,35.2,22.4,"Estratosfera"
"299","2008-11-09 02:38:34","14.5N","112.7E",29.6,NA,0.61,29.6,11.4,"Estratosfera"
"300","2008-10-21 02:20:25","32.8N","165.6W",29.6,11.3,0.15,29.6,11.3,"Estratosfera"
"301","2008-10-10 09:34:18","57.3S","17.0E",21.4,NA,0.51,21.4,14.6,"Estratosfera"
"302","2008-10-07 02:45:45","20.9N","31.4E",38.9,13.3,1,38.9,13.3,"Estratosfera"
"303","2008-09-09 09:49:41","","",NA,NA,0.19,64.5,14.7,"Mesosfera"
"304","2008-08-16 14:40:24","11.3N","97.2E",NA,NA,0.38,33.3,11.4,"Estratosfera"
"305","2008-08-12 11:44:10","11.6S","175.0W",NA,NA,0.073,20,14.6,"Estratosfera"
"306","2008-08-07 06:07:10","18.5N","180.0E",45.4,13.8,0.14,45.4,13.8,"Estratosfera"
"307","2008-07-23 14:45:25","38.6N","68.0E",31.5,14.5,0.36,31.5,14.5,"Estratosfera"
"308","2008-07-22 19:34:00","17.8S","89.2W",54.4,NA,0.2,54.4,11.4,"Mesosfera"
"309","2008-07-11 14:35:28","","",NA,NA,0.17,33.3,14.7,"Estratosfera"
"310","2008-07-08 15:55:30","72.8N","147.3E",52.2,21.7,0.21,52.2,21.7,"Mesosfera"
"311","2008-07-01 17:40:19","37.1N","115.7W",36.1,9.8,0.12,36.1,9.8,"Estratosfera"
"312","2008-06-27 02:01:23","26.9S","17.7W",33.7,23.1,0.49,33.7,23.1,"Estratosfera"
"313","2008-06-18 13:45:36","6.1N","103.1E",NA,NA,0.076,33.3,14.7,"Estratosfera"
"314","2008-05-29 21:23:56","15.7N","83.5W",NA,NA,0.076,64.5,11.4,"Mesosfera"
"315","2008-05-24 10:18:10","0.8N","162.0E",37,14.2,0.43,37,14.2,"Estratosfera"
"316","2008-05-22 20:50:28","46.9N","134.5E",NA,NA,0.076,64.5,14.6,"Mesosfera"
"317","2008-05-06 01:08:56","","",NA,NA,0.18,42.5,16.7,"Estratosfera"
"318","2008-04-30 01:18:38","33.6S","35.1W",NA,NA,0.073,38,14.7,"Estratosfera"
"319","2008-04-06 16:03:34","","",NA,NA,0.24,64.5,16.7,"Mesosfera"
"320","2008-03-15 11:29:55","28.0N","41.5W",26.7,12.9,0.16,26.7,12.9,"Estratosfera"
"321","2008-02-24 19:33:14","","",NA,NA,0.23,20,16.7,"Estratosfera"
"322","2008-02-19 13:30:30","48.9N","119.8W",NA,NA,0.073,64.5,15.9,"Mesosfera"
"323","2008-02-18 08:51:12","","",NA,NA,0.16,38,14.6,"Estratosfera"
"324","2008-02-17 12:19:16","74.9N","73.4W",40.4,13.9,0.33,40.4,13.9,"Estratosfera"
"325","2008-02-16 08:38:39","","",NA,NA,0.22,33.3,15.9,"Estratosfera"
"326","2008-01-18 01:17:39","","",NA,NA,0.15,20,16.7,"Estratosfera"
"327","2008-01-09 03:53:15","66.8S","67.3W",31.5,11.6,0.14,31.5,11.6,"Estratosfera"
"328","2007-12-26 06:46:20","61.6S","158.9W",NA,NA,0.4,64.5,16.7,"Mesosfera"
"329","2007-12-20 17:00:48","51.3N","115.4E",NA,NA,0.36,20,11.4,"Estratosfera"
"330","2007-10-25 19:35:38","40.9S","91.3E",46.3,NA,0.19,46.3,14.6,"Estratosfera"
"331","2007-10-12 09:14:03","88.5N","116.6E",37,18.4,0.11,37,18.4,"Estratosfera"
"332","2007-10-07 13:31:01","35.2S","125.6E",NA,NA,0.19,33.3,16.7,"Estratosfera"
"333","2007-09-22 17:57:12","49.2S","85.5W",30.2,16.9,0.65,30.2,16.9,"Estratosfera"
"334","2007-06-11 09:47:05","23.4S","170.9W",35.2,17,0.16,35.2,17,"Estratosfera"
"335","2007-06-08 13:32:00","52.0S","175.3E",38.9,NA,0.65,38.9,15.9,"Estratosfera"
"336","2007-06-07 21:28:12","21.9N","53.1E",29.6,NA,0.11,29.6,11.4,"Estratosfera"
"337","2007-05-16 16:20:58","4.5S","111.7E",NA,NA,0.13,33.3,11.4,"Estratosfera"
"338","2007-05-16 04:45:52","42.4S","164.0E",31.5,NA,1,31.5,14.6,"Estratosfera"
"339","2007-05-04 17:52:39","22.9N","109.4E",48,NA,0.5,48,14.6,"Estratosfera"
"340","2007-04-18 12:44:23","83.7S","171.2W",38,24.4,0.33,38,24.4,"Estratosfera"
"341","2007-04-16 14:56:51","","",NA,NA,0.086,64.5,11.4,"Mesosfera"
"342","2007-03-17 06:48:35","7.1N","4.1E",32.5,14.5,0.13,32.5,14.5,"Estratosfera"
"343","2007-03-15 02:20:15","44.1S","148.4W",NA,NA,0.089,42.5,15.9,"Estratosfera"
"344","2007-03-07 15:16:49","","",NA,NA,0.095,20,14.7,"Estratosfera"
"345","2007-02-02 12:48:41","24.0N","37.2W",35.5,NA,0.89,35.5,15.9,"Estratosfera"
"346","2007-01-26 22:22:21","3.7N","99.7E",NA,NA,0.43,64.5,15.9,"Mesosfera"
"347","2007-01-22 07:24:56","45.4N","53.5E",32,13.4,0.24,32,13.4,"Estratosfera"
"348","2007-01-18 13:51:10","5.3N","164.3W",34.1,NA,0.11,34.1,14.7,"Estratosfera"
"349","2007-01-17 09:50:46","8.7S","50.8E",33.3,NA,1.4,33.3,11.4,"Estratosfera"
"350","2007-01-01 11:43:29","44.4N","116.5E",53,NA,0.12,53,11.4,"Mesosfera"
"351","2006-12-09 06:31:12","26.2N","26.0E",26.5,15.9,14,26.5,15.9,"Estratosfera"
"352","2006-12-07 11:42:00","14.0N","140.0W",NA,NA,0.076,38,16.7,"Estratosfera"
"353","2006-12-01 06:09:25","13.0S","30.7E",NA,NA,0.2,38,14.7,"Estratosfera"
"354","2006-11-13 15:16:34","44.0S","43.3E",NA,NA,0.082,64.5,14.6,"Mesosfera"
"355","2006-10-24 08:42:52","1.9S","2.7W",43,NA,0.62,43,15.9,"Estratosfera"
"356","2006-10-14 18:10:49","49.4N","175.0W",44.4,23.9,0.7,44.4,23.9,"Estratosfera"
"357","2006-10-09 04:45:30","47.0S","78.9E",22.2,NA,0.14,22.2,14.7,"Estratosfera"
"358","2006-10-07 12:18:53","23.0S","61.8W",40.7,NA,0.14,40.7,14.6,"Estratosfera"
"359","2006-10-02 19:10:27","14.0N","53.1E",42,NA,0.28,42,14.6,"Estratosfera"
"360","2006-09-27 08:33:43","32.0S","60.2E",48.1,NA,0.32,48.1,16.7,"Estratosfera"
"361","2006-09-23 18:52:58","29.0S","108.0W",NA,NA,0.36,42.5,15.9,"Estratosfera"
"362","2006-09-02 17:57:58","","",NA,NA,0.079,20,11.4,"Estratosfera"
"363","2006-09-02 04:26:15","14.0S","109.1E",44.1,14.2,2.8,44.1,14.2,"Estratosfera"
"364","2006-08-29 01:38:36","44.0S","162.0W",40.7,NA,0.28,40.7,16.7,"Estratosfera"
"365","2006-08-18 00:03:18","43.0S","33.4E",47.2,NA,0.11,47.2,14.6,"Estratosfera"
"366","2006-08-17 10:43:34","11.0S","165.7E",48.2,NA,0.7,48.2,14.6,"Estratosfera"
"367","2006-08-15 10:52:24","4.9N","49.6E",32.7,NA,0.16,32.7,11.4,"Estratosfera"
"368","2006-08-09 04:30:44","23.1S","53.7E",37,NA,2.4,37,14.7,"Estratosfera"
"369","2006-07-15 23:55:45","78.3S","5.0W",29.6,12.4,0.26,29.6,12.4,"Estratosfera"
"370","2006-07-15 15:22:49","31.1N","45.6E",38.9,30.2,0.47,38.9,30.2,"Estratosfera"
"371","2006-06-07 00:06:28","69.2N","22.5E",40.7,19.6,0.19,40.7,19.6,"Estratosfera"
"372","2006-05-28 01:32:24","","",NA,NA,0.092,20,15.9,"Estratosfera"
"373","2006-05-21 07:51:11","11.6S","25.5W",NA,NA,0.71,64.5,14.6,"Mesosfera"
"374","2006-05-07 17:45:14","","",NA,NA,0.1,38,15.9,"Estratosfera"
"375","2006-05-06 15:39:06","60.2S","152.3W",35.2,NA,0.38,35.2,14.6,"Estratosfera"
"376","2006-04-25 18:46:53","","",NA,NA,0.073,42.5,15.9,"Estratosfera"
"377","2006-04-08 13:16:23","17.3N","113.2W",33.3,NA,0.37,33.3,14.6,"Estratosfera"
"378","2006-04-04 11:30:08","26.6N","26.6W",25,NA,5,25,11.4,"Estratosfera"
"379","2006-03-14 03:21:06","7.0N","64.6W",35.2,NA,0.42,35.2,14.7,"Estratosfera"
"380","2006-02-26 07:30:06","","",NA,NA,0.22,64.5,11.4,"Mesosfera"
"381","2006-02-06 01:57:37","54.5S","18.1E",35.2,NA,2.7,35.2,16.7,"Estratosfera"
"382","2006-02-04 08:38:05","36.9N","143.6W",38.9,19.8,0.3,38.9,19.8,"Estratosfera"
"383","2006-01-28 03:33:48","51.7S","56.4E",37,18.7,1.8,37,18.7,"Estratosfera"
"384","2006-01-27 01:27:42","58.7N","74.7E",20,NA,0.15,20,16.7,"Estratosfera"
"385","2006-01-26 00:00:53","79.8S","111.0W",37,NA,0.17,37,14.7,"Estratosfera"
"386","2006-01-10 23:25:28","29.8N","12.7W",32.4,16.9,0.098,32.4,16.9,"Estratosfera"
"387","2006-01-08 05:20:19","7.6N","28.2W",NA,NA,0.29,64.5,11.4,"Mesosfera"
"388","2005-12-29 10:05:35","3.0S","154.9W",42.2,20.7,0.53,42.2,20.7,"Estratosfera"
"389","2005-12-24 15:30:26","54.0S","17.3E",66,NA,0.51,66,16.7,"Mesosfera"
"390","2005-12-03 12:45:49","33.8S","117.4E",32.2,17,0.27,32.2,17,"Estratosfera"
"391","2005-12-01 10:40:20","6.4S","155.8W",NA,NA,0.11,42.5,11.4,"Estratosfera"
"392","2005-11-29 07:33:16","7.6N","58.2W",59.3,NA,0.11,59.3,11.4,"Mesosfera"
"393","2005-11-15 05:19:07","26.3N","113.4W",32.4,NA,0.089,32.4,11.4,"Estratosfera"
"394","2005-11-11 20:34:23","21.4N","134.1W",29.6,NA,0.14,29.6,15.9,"Estratosfera"
"395","2005-11-09 07:33:08","31.0S","145.9E",30.7,13.8,0.23,30.7,13.8,"Estratosfera"
"396","2005-11-02 07:04:32","33.9N","154.9W",68.5,NA,0.11,68.5,14.7,"Mesosfera"
"397","2005-11-02 05:16:47","22.9N","123.8W",74,NA,0.21,74,15.9,"Mesosfera"
"398","2005-10-26 21:30:47","36.3S","80.5W",16.7,NA,0.4,16.7,16.7,"Troposfera"
"399","2005-09-30 19:04:06","2.8S","84.1W",53,NA,0.079,53,16.7,"Mesosfera"
"400","2005-09-14 01:08:52","11.6N","27.3E",33.3,NA,0.089,33.3,14.7,"Estratosfera"
"401","2005-09-02 07:59:47","13.5N","73.1E",NA,NA,0.25,38,15.9,"Estratosfera"
"402","2005-08-20 12:10:24","","",NA,NA,0.095,42.5,14.6,"Estratosfera"
"403","2005-08-09 14:35:45","21.5S","56.2E",37,16.9,0.089,37,16.9,"Estratosfera"
"404","2005-07-01 22:36:15","49.8S","33.1E",50,NA,0.11,50,14.7,"Estratosfera"
"405","2005-06-18 19:40:41","47.9N","85.6E",NA,NA,0.082,42.5,14.7,"Estratosfera"
"406","2005-06-05 01:56:09","34.8N","90.9E",NA,NA,0.14,42.5,15.9,"Estratosfera"
"407","2005-06-03 08:15:41","31.0S","90.3W",29.6,26.2,0.25,29.6,26.2,"Estratosfera"
"408","2005-05-27 14:12:13","48.9S","145.1E",50.5,NA,0.073,50.5,16.7,"Mesosfera"
"409","2005-05-14 13:02:53","","",NA,NA,0.38,42.5,11.4,"Estratosfera"
"410","2005-05-07 09:31:44","75.8S","163.7E",15.2,16.6,0.092,15.2,16.6,"Troposfera"
"411","2005-05-02 20:10:36","17.7N","36.0E",NA,NA,0.15,33.3,15.9,"Estratosfera"
"412","2005-04-22 11:18:05","20.9N","36.7W",37,NA,0.079,37,11.4,"Estratosfera"
"413","2005-04-19 07:37:47","50.2S","146.4W",38.5,16.8,0.64,38.5,16.8,"Estratosfera"
"414","2005-04-16 10:40:38","","",NA,NA,0.073,38,14.6,"Estratosfera"
"415","2005-04-15 06:54:59","43.8S","73.9W",39,NA,0.076,39,16.7,"Estratosfera"
"416","2005-04-14 14:05:22","4.9N","176.0W",26.5,NA,0.22,26.5,15.9,"Estratosfera"
"417","2005-04-11 05:20:29","34.2S","95.7W",37,NA,0.32,37,15.9,"Estratosfera"
"418","2005-04-06 01:30:24","42.7S","154.6E",70,NA,0.1,70,16.7,"Mesosfera"
"419","2005-04-05 17:48:07","","",NA,NA,0.12,38,16.7,"Estratosfera"
"420","2005-04-03 01:45:29","1.0S","112.4E",59.2,NA,0.61,59.2,15.9,"Mesosfera"
"421","2005-04-02 22:52:25","14.1N","169.7E",27.2,NA,0.57,27.2,11.4,"Estratosfera"
"422","2005-03-31 22:15:55","42.8N","36.2W",NA,NA,0.13,42.5,15.9,"Estratosfera"
"423","2005-03-18 16:48:32","9.7S","34.7W",33,NA,0.095,33,11.4,"Estratosfera"
"424","2005-03-12 22:16:31","","",NA,NA,0.079,33.3,14.7,"Estratosfera"
"425","2005-03-09 15:47:36","21.4S","157.9W",44.4,NA,0.17,44.4,14.6,"Estratosfera"
"426","2005-03-09 12:49:08","14.3N","142.7E",30.7,NA,0.13,30.7,16.7,"Estratosfera"
"427","2005-03-06 17:32:51","","",NA,NA,0.18,20,11.4,"Estratosfera"
"428","2005-02-17 22:52:36","48.0N","161.5W",42.5,NA,0.3,42.5,11.4,"Estratosfera"
"429","2005-01-19 01:43:14","27.5S","164.9W",40.7,NA,0.41,40.7,14.6,"Estratosfera"
"430","2005-01-02 23:09:51","21.3S","154.7E",35.2,21.5,0.35,35.2,21.5,"Estratosfera"
"431","2005-01-01 03:44:09","32.7N","12.4E",31.8,NA,1.2,31.8,14.7,"Estratosfera"
"432","2004-12-29 07:11:45","8.5S","171.8E",NA,NA,0.28,64.5,16.7,"Mesosfera"
"433","2004-12-13 11:35:55","9.7S","155.3E",NA,NA,0.13,64.5,14.7,"Mesosfera"
"434","2004-12-11 15:36:51","36.0N","104.1E",NA,NA,0.1,20,11.4,"Estratosfera"
"435","2004-11-30 08:32:53","61.0N","171.0W",NA,NA,0.51,38,16.7,"Estratosfera"
"436","2004-11-17 03:13:04","","",NA,NA,0.52,20,14.6,"Estratosfera"
"437","2004-10-14 11:41:01","","",NA,NA,0.28,33.3,14.6,"Estratosfera"
"438","2004-10-10 11:05:28","","",NA,NA,0.1,64.5,15.9,"Mesosfera"
"439","2004-10-07 13:14:43","27.3S","71.5E",35,19.2,18,35,19.2,"Estratosfera"
"440","2004-10-04 04:39:52","3.7N","150.9W",NA,NA,0.22,42.5,16.7,"Estratosfera"
"441","2004-09-28 08:57:28","0.2N","101.1W",NA,NA,0.2,33.3,11.4,"Estratosfera"
"442","2004-09-03 12:07:22","67.7S","18.2E",31.5,NA,13,31.5,14.7,"Estratosfera"
"443","2004-08-22 10:01:33","51.9S","22.7E",37,NA,3.2,37,15.9,"Estratosfera"
"444","2004-07-29 12:41:45","","",NA,NA,0.089,20,15.9,"Estratosfera"
"445","2004-07-25 05:29:13","","",NA,NA,0.55,20,14.7,"Estratosfera"
"446","2004-07-22 03:34:31","","",NA,NA,0.12,42.5,11.4,"Estratosfera"
"447","2004-07-16 00:11:01","","",NA,NA,0.1,42.5,15.9,"Estratosfera"
"448","2004-07-04 16:58:04","","",NA,NA,0.25,38,14.7,"Estratosfera"
"449","2004-07-03 20:47:22","","",NA,NA,0.21,64.5,14.7,"Mesosfera"
"450","2004-06-12 07:13:56","21.7N","175.3E",NA,NA,0.31,33.3,14.7,"Estratosfera"
"451","2004-06-11 15:41:40","","",NA,NA,0.31,33.3,16.7,"Estratosfera"
"452","2004-06-05 20:34:10","1.3N","174.4W",43,19.5,3.9,43,19.5,"Estratosfera"
"453","2004-06-04 13:41:38","","",NA,NA,0.89,20,11.4,"Estratosfera"
"454","2004-06-03 21:59:15","","",NA,NA,0.16,20,14.7,"Estratosfera"
"455","2004-06-03 09:40:12","48.9N","120.4W",NA,NA,0.18,33.3,14.6,"Estratosfera"
"456","2004-05-18 11:12:12","28.1S","47.4W",NA,NA,1,38,14.6,"Estratosfera"
"457","2004-05-17 02:08:27","18.9S","28.3E",44,NA,0.18,44,15.9,"Estratosfera"
"458","2004-05-06 02:22:49","","",NA,NA,0.16,20,14.7,"Estratosfera"
"459","2004-04-23 00:33:41","","",NA,NA,0.18,64.5,14.6,"Mesosfera"
"460","2004-04-22 21:19:55","15.2S","55.1E",NA,NA,0.41,64.5,14.6,"Mesosfera"
"461","2004-04-22 04:21:49","44.3S","83.3E",29.6,16.3,1.5,29.6,16.3,"Estratosfera"
"462","2004-04-06 03:24:49","12.0S","162.8E",35,25.6,1.1,35,25.6,"Estratosfera"
"463","2004-03-26 16:35:45","7.6S","155.1E",46,NA,0.086,46,15.9,"Estratosfera"
"464","2004-03-25 09:39:26","4.8S","21.0E",NA,NA,0.076,64.5,16.7,"Mesosfera"
"465","2004-02-27 01:18:54","","",NA,NA,0.19,38,16.7,"Estratosfera"
"466","2004-02-02 18:52:20","18.3S","52.3E",NA,NA,0.1,64.5,16.7,"Mesosfera"
"467","2004-01-22 01:06:43","50.6S","157.8E",37,NA,0.64,37,14.7,"Estratosfera"
"468","2004-01-17 20:11:02","","",NA,NA,0.098,20,14.7,"Estratosfera"
"469","2004-01-16 11:17:06","","",NA,NA,0.3,42.5,16.7,"Estratosfera"
"470","2004-01-02 04:27:59","28.2S","3.2E",63,NA,0.39,63,16.7,"Mesosfera"
"471","2003-12-09 22:36:23","67.1S","90.8W",NA,NA,1.6,42.5,15.9,"Estratosfera"
"472","2003-11-26 02:00:04","22.9S","22.7E",32,NA,0.12,32,14.7,"Estratosfera"
"473","2003-11-10 13:54:06","64.5S","136.2E",23,20.1,1.3,23,20.1,"Estratosfera"
"474","2003-11-01 14:09:30","51.4S","151.7E",NA,NA,0.23,64.5,14.7,"Mesosfera"
"475","2003-10-16 00:47:28","","",NA,NA,0.77,42.5,11.4,"Estratosfera"
"476","2003-10-13 14:06:59","","",NA,NA,0.1,42.5,16.7,"Estratosfera"
"477","2003-10-07 00:23:56","","",NA,NA,0.13,42.5,11.4,"Estratosfera"
"478","2003-09-27 12:59:02","21.0N","86.6E",26,18.2,4.6,26,18.2,"Estratosfera"
"479","2003-09-22 03:45:43","","",NA,NA,0.11,42.5,16.7,"Estratosfera"
"480","2003-09-21 07:40:00","","",NA,NA,0.073,20,14.7,"Estratosfera"
"481","2003-09-20 19:04:01","","",NA,NA,0.1,64.5,11.4,"Mesosfera"
"482","2003-09-02 20:00:46","51.3N","161.0W",NA,NA,1,33.3,14.6,"Estratosfera"
"483","2003-08-26 22:08:45","","",NA,NA,0.23,42.5,14.6,"Estratosfera"
"484","2003-08-26 08:44:07","","",NA,NA,0.68,33.3,15.9,"Estratosfera"
"485","2003-08-17 13:16:07","39.0S","34.0E",NA,NA,1.6,42.5,16.7,"Estratosfera"
"486","2003-08-01 04:09:32","","",NA,NA,0.076,42.5,11.4,"Estratosfera"
"487","2003-07-21 05:11:28","","",NA,NA,0.19,42.5,14.7,"Estratosfera"
"488","2003-06-22 22:53:28","","",NA,NA,0.076,38,16.7,"Estratosfera"
"489","2003-06-21 14:49:57","","",NA,NA,0.13,64.5,15.9,"Mesosfera"
"490","2003-06-16 17:17:19","","",NA,NA,0.21,33.3,15.9,"Estratosfera"
"491","2003-06-10 14:11:07","41.8S","122.9E",NA,NA,0.11,20,16.7,"Estratosfera"
"492","2003-05-27 23:32:32","5.2N","166.2E",NA,NA,0.22,64.5,11.4,"Mesosfera"
"493","2003-05-19 03:38:12","","",NA,NA,1.3,64.5,16.7,"Mesosfera"
"494","2003-05-18 07:51:40","","",NA,NA,0.076,42.5,11.4,"Estratosfera"
"495","2003-05-15 06:28:32","54.0N","80.4W",NA,NA,0.14,42.5,14.6,"Estratosfera"
"496","2003-04-28 13:06:46","","",NA,NA,0.082,38,15.9,"Estratosfera"
"497","2003-04-13 17:58:41","14.8N","64.5E",17,NA,0.5,17,15.9,"Troposfera"
"498","2003-04-07 09:25:28","18.4S","162.6E",NA,NA,0.079,42.5,15.9,"Estratosfera"
"499","2003-04-01 04:40:55","","",NA,NA,0.11,64.5,14.6,"Mesosfera"
"500","2003-03-27 05:50:26","41.4N","87.7W",45,NA,0.41,45,11.4,"Estratosfera"
"501","2003-02-25 23:13:28","40.0N","116.0E",NA,NA,0.11,42.5,16.7,"Estratosfera"
"502","2003-02-12 23:45:57","","",NA,NA,0.25,42.5,14.6,"Estratosfera"
"503","2003-02-12 02:37:54","31.5S","107.5E",NA,NA,0.36,38,14.6,"Estratosfera"
"504","2003-02-06 17:00:19","62.9S","113.9W",NA,NA,0.55,20,14.7,"Estratosfera"
"505","2003-02-05 06:16:27","","",NA,NA,0.31,33.3,14.6,"Estratosfera"
"506","2003-02-04 14:07:08","59.9S","41.0E",NA,NA,0.4,20,14.7,"Estratosfera"
"507","2003-01-30 06:02:59","","",NA,NA,0.32,33.3,14.6,"Estratosfera"
"508","2002-11-28 15:41:53","","",NA,NA,0.15,42.5,14.7,"Estratosfera"
"509","2002-11-21 00:11:17","1.4S","154.0W",NA,NA,0.66,38,14.6,"Estratosfera"
"510","2002-11-12 21:49:56","21.1S","6.8W",NA,NA,0.14,20,14.6,"Estratosfera"
"511","2002-11-10 22:13:54","16.0N","166.0W",NA,NA,1.2,42.5,14.6,"Estratosfera"
"512","2002-10-09 12:00:35","4.3S","175.9W",NA,NA,0.16,64.5,14.7,"Mesosfera"
"513","2002-10-04 10:08:01","","",NA,NA,0.35,38,16.7,"Estratosfera"
"514","2002-09-24 16:48:57","57.9N","112.9E",NA,NA,2,38,11.4,"Estratosfera"
"515","2002-08-14 07:48:32","6.9S","126.2W",NA,NA,0.28,42.5,14.6,"Estratosfera"
"516","2002-08-11 20:42:53","18.2S","159.4E",NA,NA,3.3,33.3,11.4,"Estratosfera"
"517","2002-08-10 18:01:51","","",NA,NA,0.089,38,14.7,"Estratosfera"
"518","2002-07-25 15:57:32","28.7S","47.0E",NA,NA,0.63,64.5,16.7,"Mesosfera"
"519","2002-07-22 11:16:02","34.0N","106.1E",NA,NA,0.17,20,16.7,"Estratosfera"
"520","2002-06-29 16:31:55","","",NA,NA,0.46,64.5,11.4,"Mesosfera"
"521","2002-06-15 11:51:18","","",NA,NA,0.1,64.5,15.9,"Mesosfera"
"522","2002-06-13 15:29:38","24.9S","111.4E",NA,NA,0.54,64.5,15.9,"Mesosfera"
"523","2002-06-02 04:28:20","34.0N","21.0E",NA,NA,8.8,38,15.9,"Estratosfera"
"524","2002-04-03 19:10:21","5.3S","27.1E",NA,NA,0.51,64.5,15.9,"Mesosfera"
"525","2002-04-02 02:36:28","","",NA,NA,0.11,38,14.7,"Estratosfera"
"526","2002-03-28 21:29:56","","",NA,NA,0.095,64.5,14.7,"Mesosfera"
"527","2002-03-19 05:56:10","","",NA,NA,0.26,64.5,15.9,"Mesosfera"
"528","2002-03-19 02:56:52","","",NA,NA,0.17,64.5,11.4,"Mesosfera"
"529","2002-03-18 14:44:57","60.4S","120.5W",NA,NA,0.073,42.5,15.9,"Estratosfera"
"530","2002-03-09 01:20:24","6.9N","147.3W",NA,NA,0.68,33.3,16.7,"Estratosfera"
"531","2002-03-03 21:10:55","37.5N","154.0E",NA,NA,0.25,38,16.7,"Estratosfera"
"532","2002-03-01 03:53:59","29.2N","66.8W",NA,NA,0.13,42.5,15.9,"Estratosfera"
"533","2002-02-09 19:50:26","17.7S","138.7E",NA,NA,0.22,38,15.9,"Estratosfera"
"534","2002-02-01 19:07:54","60.7N","116.6E",NA,NA,0.22,38,16.7,"Estratosfera"
"535","2002-01-20 16:42:04","48.4N","165.0W",NA,NA,0.31,38,16.7,"Estratosfera"
"536","2002-01-03 12:19:37","","",NA,NA,0.36,38,11.4,"Estratosfera"
"537","2001-12-14 17:58:04","","",NA,NA,0.44,33.3,14.6,"Estratosfera"
"538","2001-12-12 16:56:13","","",NA,NA,0.3,20,14.7,"Estratosfera"
"539","2001-11-26 06:51:52","","",NA,NA,0.54,33.3,15.9,"Estratosfera"
"540","2001-11-13 10:58:48","","",NA,NA,0.83,64.5,15.9,"Mesosfera"
"541","2001-11-11 12:14:02","","",NA,NA,0.38,20,16.7,"Estratosfera"
"542","2001-10-27 19:20:12","52.7N","3.8E",NA,NA,0.12,38,16.7,"Estratosfera"
"543","2001-10-14 12:03:11","","",NA,NA,0.27,38,15.9,"Estratosfera"
"544","2001-10-12 03:11:53","","",NA,NA,0.2,20,11.4,"Estratosfera"
"545","2001-10-06 06:29:38","","",NA,NA,0.45,42.5,14.7,"Estratosfera"
"546","2001-09-25 11:54:06","","",NA,NA,0.14,20,14.7,"Estratosfera"
"547","2001-08-26 16:08:52","","",NA,NA,0.13,38,14.6,"Estratosfera"
"548","2001-08-18 13:57:43","","",NA,NA,0.13,64.5,14.6,"Mesosfera"
"549","2001-07-26 21:20:19","0.4N","84.8E",NA,NA,0.86,33.3,14.6,"Estratosfera"
"550","2001-07-23 22:19:11","41.0N","77.0W",NA,NA,2.8,33.3,14.6,"Estratosfera"
"551","2001-05-06 04:30:29","","",NA,NA,0.16,42.5,14.6,"Estratosfera"
"552","2001-04-27 09:46:18","","",NA,NA,0.38,64.5,14.6,"Mesosfera"
"553","2001-04-23 06:12:35","28.0N","133.6W",29,NA,9,29,14.7,"Estratosfera"
"554","2001-04-14 06:40:36","","",NA,NA,0.086,64.5,14.7,"Mesosfera"
"555","2001-04-13 00:29:57","15.3S","162.4E",NA,NA,0.68,38,11.4,"Estratosfera"
"556","2001-02-09 21:27:55","","",NA,NA,0.32,33.3,14.7,"Estratosfera"
"557","2001-02-04 05:53:38","64.0S","97.3E",NA,NA,0.44,20,16.7,"Estratosfera"
"558","2001-01-28 16:19:18","66.0N","31.3E",NA,NA,0.32,33.3,14.6,"Estratosfera"
"559","2000-12-15 13:22:59","41.3N","95.2E",NA,NA,0.71,20,14.7,"Estratosfera"
"560","2000-12-15 03:46:27","50.4N","58.9E",NA,NA,0.095,64.5,11.4,"Mesosfera"
"561","2000-11-28 12:20:13","","",NA,NA,0.35,38,14.7,"Estratosfera"
"562","2000-11-13 00:28:01","13.6S","5.8W",NA,NA,0.21,20,14.7,"Estratosfera"
"563","2000-11-06 07:18:57","52.0S","22.2W",NA,NA,0.22,42.5,15.9,"Estratosfera"
"564","2000-10-11 23:29:55","31.7S","5.5W",NA,NA,0.25,20,11.4,"Estratosfera"
"565","2000-09-24 06:57:19","","",NA,NA,0.095,20,16.7,"Estratosfera"
"566","2000-09-23 04:00:45","58.5S","142.6E",NA,NA,0.079,38,14.6,"Estratosfera"
"567","2000-09-19 22:12:38","3.2S","133.8W",NA,NA,0.27,64.5,14.7,"Mesosfera"
"568","2000-08-25 01:12:25","14.5N","106.1W",NA,NA,3.1,20,11.4,"Estratosfera"
"569","2000-08-13 03:00:32","36.7N","127.8W",NA,NA,0.21,20,15.9,"Estratosfera"
"570","2000-08-01 16:48:27","50.2S","101.9W",NA,NA,0.51,64.5,11.4,"Mesosfera"
"571","2000-07-31 07:06:34","15.7N","138.5W",NA,NA,0.13,33.3,14.7,"Estratosfera"
"572","2000-07-19 17:40:25","17.7S","94.1E",NA,NA,0.32,42.5,14.6,"Estratosfera"
"573","2000-07-09 01:08:45","","",NA,NA,0.36,38,11.4,"Estratosfera"
"574","2000-07-07 01:34:20","15.0N","140.7E",NA,NA,0.21,38,16.7,"Estratosfera"
"575","2000-06-27 10:06:51","34.9N","36.8E",NA,NA,0.095,42.5,16.7,"Estratosfera"
"576","2000-06-23 09:03:42","69.2N","44.0W",NA,NA,0.073,64.5,16.7,"Mesosfera"
"577","2000-06-22 20:02:11","32.9N","159.0E",NA,NA,0.1,20,15.9,"Estratosfera"
"578","2000-06-18 13:40:02","","",NA,NA,0.39,42.5,14.6,"Estratosfera"
"579","2000-06-14 16:39:18","28.1N","107.3E",48,NA,0.42,48,15.9,"Estratosfera"
"580","2000-06-04 03:17:39","","",NA,NA,0.53,64.5,11.4,"Mesosfera"
"581","2000-06-03 03:24:49","36.8N","74.8W",NA,NA,0.1,64.5,15.9,"Mesosfera"
"582","2000-06-02 18:44:16","27.5S","18.9W",NA,NA,0.1,64.5,15.9,"Mesosfera"
"583","2000-05-29 16:46:28","","",NA,NA,0.19,33.3,11.4,"Estratosfera"
"584","2000-05-06 11:51:52","49.9N","18.4E",NA,NA,0.098,42.5,14.7,"Estratosfera"
"585","2000-05-03 10:40:09","5.0S","73.0E",NA,NA,0.19,38,11.4,"Estratosfera"
"586","2000-04-21 13:42:20","","",NA,NA,0.27,38,11.4,"Estratosfera"
"587","2000-04-04 13:38:15","","",NA,NA,0.082,38,16.7,"Estratosfera"
"588","2000-03-28 15:27:17","1.0N","98.3E",NA,NA,0.2,38,14.7,"Estratosfera"
"589","2000-03-19 05:11:50","","",NA,NA,0.16,33.3,16.7,"Estratosfera"
"590","2000-03-06 08:29:18","58.0N","175.0E",NA,NA,2.2,33.3,14.6,"Estratosfera"
"591","2000-02-18 09:25:59","0.9S","109.2E",NA,NA,7.3,38,14.7,"Estratosfera"
"592","2000-02-17 14:22:07","14.2N","115.9E",NA,NA,0.079,33.3,14.6,"Estratosfera"
"593","2000-01-18 16:43:42","60.3N","134.6W",NA,NA,2.4,42.5,16.7,"Estratosfera"
"594","2000-01-18 08:33:58","24.3N","94.9W",NA,NA,0.12,42.5,11.4,"Estratosfera"
"595","1999-12-16 00:07:22","26.5S","11.3W",NA,NA,0.21,20,11.4,"Estratosfera"
"596","1999-12-11 17:31:52","","",NA,NA,0.74,20,11.4,"Estratosfera"
"597","1999-12-10 18:56:50","","",NA,NA,0.098,38,11.4,"Estratosfera"
"598","1999-12-03 17:24:45","","",NA,NA,0.14,20,11.4,"Estratosfera"
"599","1999-12-01 19:38:15","","",NA,NA,0.082,42.5,16.7,"Estratosfera"
"600","1999-11-30 02:18:53","","",NA,NA,0.15,33.3,11.4,"Estratosfera"
"601","1999-11-15 20:01:28","8.1S","75.4E",NA,NA,0.23,33.3,16.7,"Estratosfera"
"602","1999-11-07 17:53:06","2.3S","77.4W",NA,NA,0.27,38,14.7,"Estratosfera"
"603","1999-10-26 17:19:42","13.7N","70.8W",NA,NA,0.27,42.5,14.7,"Estratosfera"
"604","1999-09-08 23:55:35","22.4N","0.2E",NA,NA,0.098,64.5,14.7,"Mesosfera"
"605","1999-09-08 14:41:53","32.5N","104.6E",32,NA,0.28,32,15.9,"Estratosfera"
"606","1999-08-16 05:18:20","35.0N","107.2W",NA,NA,0.12,42.5,16.7,"Estratosfera"
"607","1999-08-06 03:22:37","","",NA,NA,0.22,42.5,16.7,"Estratosfera"
"608","1999-08-03 18:25:49","64.7S","18.8W",NA,NA,0.93,20,14.7,"Estratosfera"
"609","1999-07-10 08:11:42","37.8S","39.6E",52,NA,0.86,52,14.6,"Mesosfera"
"610","1999-07-07 04:14:41","39.5S","174.4E",NA,NA,0.41,38,11.4,"Estratosfera"
"611","1999-06-25 06:27:41","50.0N","121.0E",69,NA,0.37,69,16.7,"Mesosfera"
"612","1999-05-23 07:02:10","16.4S","116.3W",NA,NA,0.092,33.3,14.6,"Estratosfera"
"613","1999-04-26 11:33:06","22.5S","6.5E",NA,NA,0.28,33.3,16.7,"Estratosfera"
"614","1999-04-26 09:49:26","32.8S","159.1E",NA,NA,0.11,38,14.6,"Estratosfera"
"615","1999-03-31 23:54:35","17.9S","22.6E",NA,NA,0.64,42.5,15.9,"Estratosfera"
"616","1999-03-28 15:37:01","0.8N","97.6E",NA,NA,0.81,33.3,15.9,"Estratosfera"
"617","1999-03-02 22:23:25","18.9N","50.5E",NA,NA,0.19,33.3,14.7,"Estratosfera"
"618","1999-02-18 23:15:25","54.9S","64.6W",NA,NA,0.44,20,14.6,"Estratosfera"
"619","1999-02-01 14:24:09","80.0N","154.2E",NA,NA,0.098,38,15.9,"Estratosfera"
"620","1999-01-19 02:32:21","7.9N","85.8E",NA,NA,0.086,42.5,16.7,"Estratosfera"
"621","1999-01-14 08:06:05","44.0S","129.7W",32,NA,9.8,32,14.7,"Estratosfera"
"622","1999-01-12 19:24:52","","",NA,NA,0.14,42.5,11.4,"Estratosfera"
"623","1999-01-11 05:18:17","","",NA,NA,0.086,64.5,16.7,"Mesosfera"
"624","1999-01-02 18:25:51","47.0N","103.0E",65,NA,0.12,65,14.7,"Mesosfera"
"625","1998-12-22 09:24:00","","",NA,NA,0.095,20,16.7,"Estratosfera"
"626","1998-11-23 20:20:14","82.3N","160.1E",NA,NA,0.089,42.5,16.7,"Estratosfera"
"627","1998-11-11 16:46:18","6.5N","156.4E",NA,NA,1.6,20,16.7,"Estratosfera"
"628","1998-10-03 12:58:50","","",NA,NA,0.11,20,14.7,"Estratosfera"
"629","1998-09-04 09:16:11","","",NA,NA,0.38,20,14.7,"Estratosfera"
"630","1998-09-01 11:15:04","34.6N","23.6E",NA,NA,0.086,64.5,14.6,"Mesosfera"
"631","1998-08-30 00:20:12","","",NA,NA,0.14,33.3,15.9,"Estratosfera"
"632","1998-08-08 12:55:22","","",NA,NA,0.082,64.5,16.7,"Mesosfera"
"633","1998-07-28 14:16:53","","",NA,NA,0.2,64.5,15.9,"Mesosfera"
"634","1998-03-24 09:08:14","","",NA,NA,0.095,38,15.9,"Estratosfera"
"635","1998-03-22 22:25:37","1.4N","26.6E",NA,NA,0.41,33.3,15.9,"Estratosfera"
"636","1998-01-08 16:10:21","","",NA,NA,0.2,33.3,15.9,"Estratosfera"
"637","1998-01-04 23:00:27","35.1S","33.4E",30,17.1,0.23,30,17.1,"Estratosfera"
"638","1997-12-28 03:58:18","23.1S","152.4E",NA,NA,0.11,64.5,14.7,"Mesosfera"
"639","1997-12-09 08:15:55","62.7N","49.9W",NA,NA,0.73,38,16.7,"Estratosfera"
"640","1997-11-07 07:46:55","57.3S","167.2E",NA,NA,1.9,20,15.9,"Estratosfera"
"641","1997-10-09 18:47:15","31.8N","106.0W",37,NA,0.53,37,14.6,"Estratosfera"
"642","1997-10-01 14:26:43","46.7N","108.9E",NA,NA,0.2,64.5,14.7,"Mesosfera"
"643","1997-09-30 12:31:18","38.1S","63.9E",NA,NA,0.082,64.5,15.9,"Mesosfera"
"644","1997-09-05 11:41:54","31.1S","56.4E",NA,NA,0.53,20,11.4,"Estratosfera"
"645","1997-08-20 17:16:43","","",NA,NA,0.092,33.3,15.9,"Estratosfera"
"646","1997-08-15 01:05:22","","",NA,NA,0.079,33.3,14.7,"Estratosfera"
"647","1997-07-30 03:01:51","","",NA,NA,0.16,38,14.6,"Estratosfera"
"648","1997-07-04 12:22:33","15.8S","175.8W",NA,NA,0.095,38,11.4,"Estratosfera"
"649","1997-05-22 08:30:15","","",NA,NA,0.15,20,15.9,"Estratosfera"
"650","1997-04-27 22:34:21","16.7N","87.5E",NA,NA,0.86,33.3,16.7,"Estratosfera"
"651","1997-02-19 04:31:35","16.3S","87.7W",NA,NA,0.41,20,16.7,"Estratosfera"
"652","1997-02-15 15:23:35","35.5N","115.6E",NA,NA,0.43,20,16.7,"Estratosfera"
"653","1997-02-06 18:28:34","","",NA,NA,0.092,42.5,11.4,"Estratosfera"
"654","1997-01-28 17:49:49","","",NA,NA,0.086,33.3,14.7,"Estratosfera"
"655","1997-01-23 10:03:27","15.0S","94.2E",NA,NA,0.73,64.5,14.7,"Mesosfera"
"656","1997-01-22 21:13:16","32.2N","29.0E",NA,NA,1.2,64.5,14.6,"Mesosfera"
"657","1997-01-04 06:46:39","25.7N","5.3W",NA,NA,0.14,33.3,14.7,"Estratosfera"
"658","1997-01-03 15:08:07","","",NA,NA,0.92,20,14.7,"Estratosfera"
"659","1996-12-17 04:16:18","34.1N","37.2W",NA,NA,0.14,38,16.7,"Estratosfera"
"660","1996-12-10 06:09:32","","",NA,NA,0.68,33.3,14.6,"Estratosfera"
"661","1996-12-04 17:00:34","","",NA,NA,0.16,42.5,14.7,"Estratosfera"
"662","1996-12-01 13:19:35","","",NA,NA,0.2,64.5,16.7,"Mesosfera"
"663","1996-11-22 10:06:17","","",NA,NA,0.22,33.3,16.7,"Estratosfera"
"664","1996-11-08 16:02:13","","",NA,NA,0.2,38,14.6,"Estratosfera"
"665","1996-10-30 12:48:19","2.1S","123.1W",NA,NA,0.076,33.3,11.4,"Estratosfera"
"666","1996-10-28 04:46:21","27.4N","79.4W",NA,NA,0.14,20,14.7,"Estratosfera"
"667","1996-10-23 08:28:06","47.3S","20.6E",NA,NA,0.15,20,16.7,"Estratosfera"
"668","1996-10-19 19:01:08","29.7N","34.7W",NA,NA,0.38,33.3,16.7,"Estratosfera"
"669","1996-10-07 17:43:44","","",NA,NA,0.15,33.3,14.6,"Estratosfera"
"670","1996-10-05 19:21:02","49.6S","145.9E",NA,NA,0.68,20,16.7,"Estratosfera"
"671","1996-08-17 15:46:08","","",NA,NA,0.12,33.3,15.9,"Estratosfera"
"672","1996-08-15 16:07:51","","",NA,NA,0.26,20,11.4,"Estratosfera"
"673","1996-08-09 18:14:56","","",NA,NA,0.1,38,16.7,"Estratosfera"
"674","1996-08-07 03:16:03","","",NA,NA,0.43,20,15.9,"Estratosfera"
"675","1996-08-06 04:50:32","","",NA,NA,0.38,42.5,15.9,"Estratosfera"
"676","1996-08-05 19:27:52","","",NA,NA,0.61,20,16.7,"Estratosfera"
"677","1996-08-05 15:19:30","","",NA,NA,0.25,33.3,16.7,"Estratosfera"
"678","1996-07-17 03:16:07","31.8N","111.4E",NA,NA,0.16,20,14.6,"Estratosfera"
"679","1996-07-12 14:04:45","20.7N","93.6W",NA,NA,0.11,20,11.4,"Estratosfera"
"680","1996-06-25 11:22:40","","",NA,NA,0.076,20,16.7,"Estratosfera"
"681","1996-05-08 01:02:05","","",NA,NA,0.098,20,16.7,"Estratosfera"
"682","1996-05-01 13:19:25","","",NA,NA,0.12,33.3,14.6,"Estratosfera"
"683","1996-03-31 00:53:57","","",NA,NA,0.095,20,16.7,"Estratosfera"
"684","1996-03-30 04:03:32","31.1S","84.3W",NA,NA,0.36,20,11.4,"Estratosfera"
"685","1996-03-29 20:30:54","21.5N","158.1W",NA,NA,0.38,38,16.7,"Estratosfera"
"686","1996-03-25 17:00:41","","",NA,NA,0.15,42.5,11.4,"Estratosfera"
"687","1996-03-13 08:31:01","","",NA,NA,0.63,20,14.7,"Estratosfera"
"688","1996-02-16 07:03:14","","",NA,NA,0.18,38,14.6,"Estratosfera"
"689","1996-02-15 02:38:05","76.0N","127.0W",NA,NA,0.16,38,11.4,"Estratosfera"
"690","1996-01-18 17:10:49","","",NA,NA,0.36,42.5,11.4,"Estratosfera"
"691","1996-01-15 13:44:23","59.8S","175.8E",NA,NA,0.71,64.5,15.9,"Mesosfera"
"692","1995-12-27 12:55:01","","",NA,NA,0.079,38,14.7,"Estratosfera"
"693","1995-12-22 13:26:29","70.2S","73.3W",NA,NA,1.1,20,16.7,"Estratosfera"
"694","1995-12-09 19:54:26","2.9S","79.0W",NA,NA,0.36,33.3,16.7,"Estratosfera"
"695","1995-11-25 05:29:31","","",NA,NA,0.1,33.3,11.4,"Estratosfera"
"696","1995-11-13 03:10:47","","",NA,NA,0.076,42.5,15.9,"Estratosfera"
"697","1995-10-01 02:42:01","","",NA,NA,0.12,38,16.7,"Estratosfera"
"698","1995-09-09 07:38:38","","",NA,NA,1.3,33.3,11.4,"Estratosfera"
"699","1995-08-24 21:54:35","","",NA,NA,0.36,64.5,15.9,"Mesosfera"
"700","1995-08-17 16:39:02","","",NA,NA,0.46,38,14.7,"Estratosfera"
"701","1995-08-06 04:38:09","","",NA,NA,0.18,38,14.6,"Estratosfera"
"702","1995-08-05 17:14:10","11.6N","104.3W",NA,NA,0.56,20,14.6,"Estratosfera"
"703","1995-07-11 18:38:41","28.5S","93.3E",NA,NA,0.38,38,14.6,"Estratosfera"
"704","1995-07-09 18:20:09","0.9S","66.3E",NA,NA,0.089,20,11.4,"Estratosfera"
"705","1995-07-07 17:33:37","40.2N","76.1W",NA,NA,0.41,42.5,11.4,"Estratosfera"
"706","1995-06-09 09:28:38","","",NA,NA,0.089,64.5,16.7,"Mesosfera"
"707","1995-04-02 12:32:38","","",NA,NA,0.089,42.5,16.7,"Estratosfera"
"708","1995-02-16 13:05:47","16.7N","141.7W",NA,NA,0.19,42.5,15.9,"Estratosfera"
"709","1995-01-18 10:17:26","51.5N","115.4E",NA,NA,0.22,64.5,14.6,"Mesosfera"
"710","1995-01-10 21:08:41","","",NA,NA,0.089,64.5,16.7,"Mesosfera"
"711","1995-01-02 20:41:38","","",NA,NA,0.1,38,14.7,"Estratosfera"
"712","1994-12-18 12:45:40","","",NA,NA,0.16,20,15.9,"Estratosfera"
"713","1994-12-16 09:41:03","42.2S","27.6E",NA,NA,0.16,20,14.7,"Estratosfera"
"714","1994-11-03 20:01:36","6.5N","89.0E",NA,NA,5,38,14.6,"Estratosfera"
"715","1994-11-01 06:50:46","1.5S","84.5W",NA,NA,2.3,33.3,14.6,"Estratosfera"
"716","1994-10-27 04:21:29","","",NA,NA,0.85,64.5,16.7,"Mesosfera"
"717","1994-10-20 00:11:21","45.2S","1.9W",NA,NA,0.27,38,14.7,"Estratosfera"
"718","1994-10-08 03:24:22","","",NA,NA,0.21,38,16.7,"Estratosfera"
"719","1994-09-22 04:22:17","","",NA,NA,0.21,42.5,11.4,"Estratosfera"
"720","1994-08-15 23:16:48","","",NA,NA,0.47,20,16.7,"Estratosfera"
"721","1994-06-15 00:02:26","45.0N","73.5W",NA,NA,0.14,64.5,16.7,"Mesosfera"
"722","1994-06-03 20:48:42","","",NA,NA,1.3,42.5,11.4,"Estratosfera"
"723","1994-05-29 09:30:58","52.8N","2.3E",NA,NA,1,20,14.6,"Estratosfera"
"724","1994-02-01 22:38:09","2.7N","164.1E",NA,NA,30,20,11.4,"Estratosfera"
"725","1993-11-29 17:48:41","26.5N","78.3E",NA,NA,0.092,42.5,16.7,"Estratosfera"
"726","1993-10-31 03:39:27","51.3N","100.9W",NA,NA,0.13,42.5,14.7,"Estratosfera"
"727","1991-10-04 09:22:47","78.7N","6.3E",NA,NA,1.4,38,14.7,"Estratosfera"
"728","1990-10-01 03:51:47","7.5N","142.8E",NA,NA,5.2,38,15.9,"Estratosfera"
"729","1988-04-15 03:03:10","4.1S","124.3E",NA,NA,14,38,11.4,"Estratosfera"
